Program,Slot,Date,Start Time,End Time,Course Code,Course Title,Student,Faculty,,,,,Slots,Count
C,Slot - 1,16.06.2025,9:30,11:30,CSE341.1,Computer Networking,32,[AHQ] Mohammad Ashraful Hoque,1,,,,Slot - 1,587
C,Slot - 1,16.06.2025,9:30,11:30,CSE341.2,Computer Networking,28,[AHQ] Mohammad Ashraful Hoque,1,,,,Slot - 2,610
C,Slot - 1,16.06.2025,9:30,11:30,EEE1021.1,Electrical Circuits I,1,[MDHB] Mahdin Mahboob,1,,,,Slot - 3,607
C,Slot - 1,16.06.2025,9:30,11:30,EEE181.1,Electrical Circuits Design I,38,[KRH] Khondker Rawan Hamid,1,,,,Slot - 4,914
C,Slot - 1,16.06.2025,9:30,11:30,EEE181.2,Electrical Circuits Design I,36,[KRH] Khondker Rawan Hamid,1,,,,Slot - 5,858
C,Slot - 1,16.06.2025,9:30,11:30,EEE181.3,Electrical Circuits Design I,38,[ADMR] Adib Md. Ridwan,1,,,,Slot - 6,627
C,Slot - 1,16.06.2025,9:30,11:30,EEE181.4,Electrical Circuits Design I,38,[ADMR] Adib Md. Ridwan,1,,,,Slot - 7,578
C,Slot - 1,16.06.2025,9:30,11:30,EEE181.5,Electrical Circuits Design I,36,[MDHB] Mahdin Mahboob,1,,,,Slot - 8,593
C,Slot - 1,16.06.2025,9:30,11:30,EEE181.6,Electrical Circuits Design I,26,[MDHB] Mahdin Mahboob,1,,,,Slot - 9,615
C,Slot - 1,16.06.2025,9:30,11:30,EEE181.10,Electrical Circuits Design I,37,[FOA] Faysal Rahman,1,,,,Slot - 10,518
C,Slot - 1,16.06.2025,9:30,11:30,EEE181.11,Electrical Circuits Design I,39,[FOA] Faysal Rahman,1,,,,Slot - 11,488
C,Slot - 1,16.06.2025,9:30,11:30,EEE241.3,Electronic Devices & Circuits I,39,[ASH] Ahnaf Shahriyar,1,,,,Slot - 12,501
C,Slot - 1,16.06.2025,9:30,11:30,EEE241.4,Electronic Devices & Circuits I,40,[ASH] Ahnaf Shahriyar,1,,,,Slot - A,638
C,Slot - 1,16.06.2025,9:30,11:30,EEE241.5,Electronic Devices & Circuits I,26,[MDHB] Mahdin Mahboob,1,,,,Slot - B,624
C,Slot - 1,16.06.2025,9:30,11:30,EEE241.6,Electronic Devices & Circuits I,40,[JHT] Jahid Hasan Tushar,1,,,,Slot - C,590
C,Slot - 1,16.06.2025,9:30,11:30,EEE241.7,Electronic Devices & Circuits I,39,[JHT] Jahid Hasan Tushar,1,,,,Slot - D,205
C,Slot - 1,16.06.2025,9:30,11:30,ETE281.3,Communication Theory,34,[MDSR] Mohammad Shohel Rana,1,,,,Slot - E,600
C,Slot - 1,16.06.2025,9:30,11:30,ETE281.4,Communication Theory,20,[MDSR] Mohammad Shohel Rana,1,,,,Slot - F,580
C,Slot - 2,16.06.2025,12:00,14:00,CSE161.1,Programming Language I,32,[SM] Shahriar Manzoor,-1,,,,Slot - G,560
C,Slot - 2,16.06.2025,12:00,14:00,CSE161.2,Programming Language I,31,[SM] Shahriar Manzoor,-1,,,,Slot - H,270
C,Slot - 2,16.06.2025,12:00,14:00,CSE161.3,Programming Language I,32,[TMD] Tashreef Muhammad,-1,,,,Slot - 13,610
C,Slot - 2,16.06.2025,12:00,14:00,CSE161.4,Programming Language I,31,[TMD] Tashreef Muhammad,-1,,,,Slot - 14,590
C,Slot - 2,16.06.2025,12:00,14:00,CSE161.5,Programming Language I,29,[TMD] Tashreef Muhammad,-1,,,,Slot - 15,601
C,Slot - 2,16.06.2025,12:00,14:00,CSE261.8,Numerical Methods,39,[SHM] Md. Shamim,-1,,,,Slot - I,199
C,Slot - 2,16.06.2025,12:00,14:00,CSE261.9,Numerical Methods,36,[MMSI] Mohammad Shahmidul Islam,-1,,,,Slot - J,204
C,Slot - 2,16.06.2025,12:00,14:00,CSE261.10,Numerical Methods,38,[MMSI] Mohammad Shahmidul Islam,-1,,,,Slot - K,184
C,Slot - 2,16.06.2025,12:00,14:00,CSE441.3,Theory of Computing,30,[MMRF] Md. Mushfiqur Rahman Fakir,-1,,,,Slot - L,201
C,Slot - 2,16.06.2025,12:00,14:00,EEE181.7,Electrical Circuits Design I,39,[AIM] Ashraful Islam Mridha,-1,,,,Slot - M,247
C,Slot - 2,16.06.2025,12:00,14:00,EEE181.8,Electrical Circuits Design I,37,[MAMA] Mayukh Mallick,-1,,,,Slot - N,209
C,Slot - 2,16.06.2025,12:00,14:00,ETE2023.1,Communication Theory,1,[TANA] Tanvir Ahmed,-1,,,,Slot - O,207
C,Slot - 2,16.06.2025,12:00,14:00,ETE281.1,Communication Theory,45,[JHT] Jahid Hasan Tushar,-1,,,,Slot - P,221
C,Slot - 2,16.06.2025,12:00,14:00,ETE281.2,Communication Theory,45,[JHT] Jahid Hasan Tushar,-1,,,,,
C,Slot - 2,16.06.2025,12:00,14:00,ETE281.5,Communication Theory,43,[TANA] Tanvir Ahmed,-1,,,,,
C,Slot - 2,16.06.2025,12:00,14:00,MAT241.1,Complex Variables and Transforms (Laplace & Fourier),37,[SAMD] Shifat Ahmed,-1,,,,,
C,Slot - 2,16.06.2025,12:00,14:00,MAT241.2,Complex Variables and Transforms (Laplace & Fourier),27,[SAMD] Shifat Ahmed,-1,,,,,
C,Slot - 2,16.06.2025,12:00,14:00,MAT241.11,Complex Variables and Transforms (Laplace & Fourier),38,[MDI] Md. Asraful Islam,-1,,,,,
C,Slot - 3,16.06.2025,14:30,16:30,ACT141.2,Introduction to Accounting,38,[RSP] Rayan Sanjana Prioty,1,,,,,
C,Slot - 3,16.06.2025,14:30,16:30,ACT141.4,Introduction to Accounting,37,[RSP] Rayan Sanjana Prioty,1,,,,,
C,Slot - 3,16.06.2025,14:30,16:30,CSE261.1,Numerical Methods,36,[SM] Shahriar Manzoor,1,,,,,
C,Slot - 3,16.06.2025,14:30,16:30,CSE261.2,Numerical Methods,36,[SM] Shahriar Manzoor,1,,,,,
C,Slot - 3,16.06.2025,14:30,16:30,CSE261.3,Numerical Methods,35,[KMH] Monirul Hasan,1,,,,,
C,Slot - 3,16.06.2025,14:30,16:30,CSE261.4,Numerical Methods,40,[TMD] Tashreef Muhammad,1,,,,,
C,Slot - 3,16.06.2025,14:30,16:30,CSE261.5,Numerical Methods,40,[NI] Md. Nazrul Islam,1,,,,,
C,Slot - 3,16.06.2025,14:30,16:30,CSE261.6,Numerical Methods,39,[NI] Md. Nazrul Islam,1,,,,,
C,Slot - 3,16.06.2025,14:30,16:30,CSE261.7,Numerical Methods,40,[NI] Md. Nazrul Islam,1,,,,,
C,Slot - 3,16.06.2025,14:30,16:30,CSE4019.1,Cloud Computing,1,[MMRF] Md. Mushfiqur Rahman Fakir,1,,,,,
C,Slot - 3,16.06.2025,14:30,16:30,CSE441.1,Theory of Computing,39,[NH] Nahid Hasan,1,,,,,
C,Slot - 3,16.06.2025,14:30,16:30,CSE441.2,Theory of Computing,40,[NH] Nahid Hasan,1,,,,,
C,Slot - 3,16.06.2025,14:30,16:30,CSE477.1,Cloud Computing,29,[MMRF] Md. Mushfiqur Rahman Fakir,1,,,,,
C,Slot - 3,16.06.2025,14:30,16:30,EEE181.9,Electrical Circuits Design I,37,[IHS] Imran Hossain Sabuj,1,,,,,
C,Slot - 3,16.06.2025,14:30,16:30,EEE181.12,Electrical Circuits Design I,34,[IHS] Imran Hossain Sabuj,1,,,,,
C,Slot - 3,16.06.2025,14:30,16:30,EEE181.13,Electrical Circuits Design I,26,[IHS] Imran Hossain Sabuj,1,,,,,
C,Slot - 3,16.06.2025,14:30,16:30,EEE181.14,Electrical Circuits Design I,36,[YAM] Md. Bin Yeamin,1,,,,,
C,Slot - 3,16.06.2025,14:30,16:30,MAT241.5,Complex Variables and Transforms (Laplace & Fourier),24,[DMAA] Dr. Md. Ayub Ali,1,,,,,
C,Slot - 4,17.06.2025,9:30,11:30,ENG101.8,Basic English Skills,37,[NUH] Md. Nizam Ul Hossain,-1,,,,,
C,Slot - 4,17.06.2025,9:30,11:30,ENG101.9,Basic English Skills,39,[NDI] Nodi Islam,-1,,,,,
C,Slot - 4,17.06.2025,9:30,11:30,ENG101.10,Basic English Skills,37,[RCL] Rasna Choudhury Liz,-1,,,,,
C,Slot - 4,17.06.2025,9:30,11:30,ENG101.11,Basic English Skills,37,[NKS] Nahid Khan Saikat,-1,,,,,
C,Slot - 4,17.06.2025,9:30,11:30,ENG101.12,Basic English Skills,36,[NUH] Md. Nizam Ul Hossain,-1,,,,,
C,Slot - 4,17.06.2025,9:30,11:30,ENG101.13,Basic English Skills,38,[MSW] Maeesha Wajid,-1,,,,,
C,Slot - 4,17.06.2025,9:30,11:30,ENG101.14,Basic English Skills,37,[RRD] Md. Rifat Ahmed Riyad,-1,,,,,
C,Slot - 4,17.06.2025,9:30,11:30,ENG101.15,Basic English Skills,39,[TAH] Tanjila Hossen,-1,,,,,
C,Slot - 4,17.06.2025,9:30,11:30,ENG101.18,Basic English Skills,21,[RCL] Rasna Choudhury Liz,-1,,,,,
C,Slot - 4,17.06.2025,9:30,11:30,CSE241.4,Data Structures,38,[SMA] Sakib Mahmud,-1,,,,,
C,Slot - 4,17.06.2025,9:30,11:30,CSE241.5,Data Structures,37,[SMA] Sakib Mahmud,-1,,,,,
C,Slot - 4,17.06.2025,9:30,11:30,CSE241.6,Data Structures,30,[SMA] Sakib Mahmud,-1,,,,,
C,Slot - 4,17.06.2025,9:30,11:30,CSE265.1,Algorithm,40,[RFD] Rifat Ahommed,-1,,,,,
C,Slot - 4,17.06.2025,9:30,11:30,CSE265.2,Algorithm,33,[RFD] Rifat Ahommed,-1,,,,,
C,Slot - 4,17.06.2025,9:30,11:30,CSE265.3,Algorithm,40,[SHM] Md. Shamim,-1,,,,,
C,Slot - 4,17.06.2025,9:30,11:30,CSE265.4,Algorithm,36,[SHM] Md. Shamim,-1,,,,,
C,Slot - 4,17.06.2025,9:30,11:30,CSE265.5,Algorithm,40,[SHM] Md. Shamim,-1,,,,,
C,Slot - 4,17.06.2025,9:30,11:30,CSE265.6,Algorithm,40,[AMH] Md. Asiful Islam Miah,-1,,,,,
C,Slot - 4,17.06.2025,9:30,11:30,CSE265.7,Algorithm,41,[AMH] Md. Asiful Islam Miah,-1,,,,,
C,Slot - 4,17.06.2025,9:30,11:30,CSE265.8,Algorithm,40,[AMH] Md. Asiful Islam Miah,-1,,,,,
C,Slot - 4,17.06.2025,9:30,11:30,CSE265.10,Algorithm,39,[MAIM] Maisha Muntaha,-1,,,,,
C,Slot - 4,17.06.2025,9:30,11:30,CSE265.11,Algorithm,40,[MAIM] Maisha Muntaha,-1,,,,,
C,Slot - 4,17.06.2025,9:30,11:30,CSE265.12,Algorithm,35,[MAIM] Maisha Muntaha,-1,,,,,
C,Slot - 4,17.06.2025,9:30,11:30,CSE359.3,Graph Theory,31,[SBP] Sajal Basak Partha,-1,,,,,
C,Slot - 4,17.06.2025,9:30,11:30,CSE359.4,Graph Theory,33,[SBP] Sajal Basak Partha,-1,,,,,
C,Slot - 5,17.06.2025,12:00,14:00,ENG102.13,Intermediate English Skills,39,[MSW] Maeesha Wajid,1,,,,,
C,Slot - 5,17.06.2025,12:00,14:00,ENG102.14,Intermediate English Skills,35,[SHK] Shushmita Hossain Khan,1,,,,,
C,Slot - 5,17.06.2025,12:00,14:00,ENG102.15,Intermediate English Skills,40,[SHK] Shushmita Hossain Khan,1,,,,,
C,Slot - 5,17.06.2025,12:00,14:00,ENG102.16,Intermediate English Skills,41,[SSNI] Sumaiya Sultana Nisha,1,,,,,
C,Slot - 5,17.06.2025,12:00,14:00,ENG102.17,Intermediate English Skills,39,[RRD] Md. Rifat Ahmed Riyad,1,,,,,
C,Slot - 5,17.06.2025,12:00,14:00,ENG102.18,Intermediate English Skills,33,[MSW] Maeesha Wajid,1,,,,,
C,Slot - 5,17.06.2025,12:00,14:00,ENG102.19,Intermediate English Skills,35,[FAF] Fairuz Fariha,1,,,,,
C,Slot - 5,17.06.2025,12:00,14:00,ENG102.20,Intermediate English Skills,39,[TAH] Tanjila Hossen,1,,,,,
C,Slot - 5,17.06.2025,12:00,14:00,ENG102.21,Intermediate English Skills,33,[RCL] Rasna Choudhury Liz,1,,,,,
C,Slot - 5,17.06.2025,12:00,14:00,ENG102.22,Intermediate English Skills,34,[RCL] Rasna Choudhury Liz,1,,,,,
C,Slot - 5,17.06.2025,12:00,14:00,ENG102.23,Intermediate English Skills,35,[SSNI] Sumaiya Sultana Nisha,1,,,,,
C,Slot - 5,17.06.2025,12:00,14:00,ENG102.24,Intermediate English Skills,35,[FAF] Fairuz Fariha,1,,,,,
C,Slot - 5,17.06.2025,12:00,14:00,ENG102.25,Intermediate English Skills,27,[MIZ] Mohammad Inzamam,1,,,,,
C,Slot - 5,17.06.2025,12:00,14:00,ENG102.26,Intermediate English Skills,35,[MIZ] Mohammad Inzamam,1,,,,,
C,Slot - 5,17.06.2025,12:00,14:00,ENG102.27,Intermediate English Skills,40,[NDI] Nodi Islam,1,,,,,
C,Slot - 5,17.06.2025,12:00,14:00,ENG102.28,Intermediate English Skills,29,[DAFN] Dewan Abul Fatah Naeem,1,,,,,
C,Slot - 5,17.06.2025,12:00,14:00,ENG102.30,Intermediate English Skills,35,[NDI] Nodi Islam,1,,,,,
C,Slot - 5,17.06.2025,12:00,14:00,CSE241.1,Data Structures,32,[MHB] Md. Habibullah Belali,1,,,,,
C,Slot - 5,17.06.2025,12:00,14:00,CSE241.2,Data Structures,29,[MHB] Md. Habibullah Belali,1,,,,,
C,Slot - 5,17.06.2025,12:00,14:00,CSE241.3,Data Structures,25,[MHB] Md. Habibullah Belali,1,,,,,
C,Slot - 5,17.06.2025,12:00,14:00,CSE241.7,Data Structures,28,[YMA] Muhammed Yaseen Morshed Adib,1,,,,,
C,Slot - 5,17.06.2025,12:00,14:00,CSE241.10,Data Structures,19,[DMIJ] Prof. Dr. Md. Ismail Jabiullah,1,,,,,
C,Slot - 5,17.06.2025,12:00,14:00,CSE241.11,Data Structures,28,[DMIJ] Prof. Dr. Md. Ismail Jabiullah,1,,,,,
C,Slot - 5,17.06.2025,12:00,14:00,CSE265.16,Algorithm,40,[ABIS] Alistair Biswas,1,,,,,
C,Slot - 5,17.06.2025,12:00,14:00,CSE359.1,Graph Theory,29,[ANAR] Anika Rahman,1,,,,,
C,Slot - 5,17.06.2025,12:00,14:00,CSE359.2,Graph Theory,24,[ANAR] Anika Rahman,1,,,,,
C,Slot - 6,17.06.2025,14:30,16:30,ENG103.8,Advanced English Skills,34,[NAN] Nujhat Afrin,-1,,,,,
C,Slot - 6,17.06.2025,14:30,16:30,ENG103.9,Advanced English Skills,35,[TAH] Tanjila Hossen,-1,,,,,
C,Slot - 6,17.06.2025,14:30,16:30,ENG103.10,Advanced English Skills,39,[SSNI] Sumaiya Sultana Nisha,-1,,,,,
C,Slot - 6,17.06.2025,14:30,16:30,ENG103.11,Advanced English Skills,37,[SAIS] Sadia Islam,-1,,,,,
C,Slot - 6,17.06.2025,14:30,16:30,ENG103.12,Advanced English Skills,34,[KHW] Kazi Humyra Wazeda,-1,,,,,
C,Slot - 6,17.06.2025,14:30,16:30,ENG103.13,Advanced English Skills,33,[SSNI] Sumaiya Sultana Nisha,-1,,,,,
C,Slot - 6,17.06.2025,14:30,16:30,ENG103.14,Advanced English Skills,31,[FMH] Fariha Mrinmoyee Hrijutee,-1,,,,,
C,Slot - 6,17.06.2025,14:30,16:30,ENG103.15,Advanced English Skills,35,[SHK] Shushmita Hossain Khan,-1,,,,,
C,Slot - 6,17.06.2025,14:30,16:30,ENG103.16,Advanced English Skills,34,[FMH] Fariha Mrinmoyee Hrijutee,-1,,,,,
C,Slot - 6,17.06.2025,14:30,16:30,ENG103.17,Advanced English Skills,32,[RRD] Md. Rifat Ahmed Riyad,-1,,,,,
C,Slot - 6,17.06.2025,14:30,16:30,ENG103.18,Advanced English Skills,32,[NDI] Nodi Islam,-1,,,,,
C,Slot - 6,17.06.2025,14:30,16:30,ENG103.19,Advanced English Skills,36,[NDI] Nodi Islam,-1,,,,,
C,Slot - 6,17.06.2025,14:30,16:30,ENG103.20,Advanced English Skills,38,[NUH] Md. Nizam Ul Hossain,-1,,,,,
C,Slot - 6,17.06.2025,14:30,16:30,ENG103.22,Advanced English Skills,35,[NUH] Md. Nizam Ul Hossain,-1,,,,,
C,Slot - 6,17.06.2025,14:30,16:30,CSE265.9,Algorithm,40,[SDK] Shimul Dey Katha,-1,,,,,
C,Slot - 6,17.06.2025,14:30,16:30,CSE353.1,Introduction to Data Mining,32,[DEMF] Prof. Dr. Dewan Md. Farid,-1,,,,,
C,Slot - 6,17.06.2025,14:30,16:30,CSE353.2,Introduction to Data Mining,30,[DEMF] Prof. Dr. Dewan Md. Farid,-1,,,,,
C,Slot - 6,17.06.2025,14:30,16:30,ECO461.1,Introduction to Economics,40,[MOI] Md. Mominul Islam,-1,,,,,
C,Slot - 7,18.06.2025,9:30,11:30,CSE281.1,Introduction to Programming Language II (Java),34,[MAKR] Dr. Mohammed Ashikur Rahman,1,,,,,
C,Slot - 7,18.06.2025,9:30,11:30,CSE281.6,Introduction to Programming Language II (Java),35,[MAKR] Dr. Mohammed Ashikur Rahman,1,,,,,
C,Slot - 7,18.06.2025,9:30,11:30,CSE281.7,Introduction to Programming Language II (Java),35,[FAZA] Fariha Zahin,1,,,,,
C,Slot - 7,18.06.2025,9:30,11:30,CSE281.8,Introduction to Programming Language II (Java),36,[FAZA] Fariha Zahin,1,,,,,
C,Slot - 7,18.06.2025,9:30,11:30,CSE355.1,Image Processing,20,[MMJR] Md. Mijanur Rahman,1,,,,,
C,Slot - 7,18.06.2025,9:30,11:30,CSE355.2,Image Processing,37,[MMJR] Md. Mijanur Rahman,1,,,,,
C,Slot - 7,18.06.2025,9:30,11:30,CSE355.3,Image Processing,34,[MMJR] Md. Mijanur Rahman,1,,,,,
C,Slot - 7,18.06.2025,9:30,11:30,MAT141.9,Differential & Integral Calculus,27,[DMAA] Dr. Md. Ayub Ali,1,,,,,
C,Slot - 7,18.06.2025,9:30,11:30,MAT161.6,Coordinate Geometry and Vector Analysis,35,[SHR] Md. Sarowar Hossain Rana,1,,,,,
C,Slot - 7,18.06.2025,9:30,11:30,MAT161.7,Coordinate Geometry and Vector Analysis,38,[SHR] Md. Sarowar Hossain Rana,1,,,,,
C,Slot - 7,18.06.2025,9:30,11:30,MAT161.8,Coordinate Geometry and Vector Analysis,38,[SHR] Md. Sarowar Hossain Rana,1,,,,,
C,Slot - 7,18.06.2025,9:30,11:30,MAT161.16,Coordinate Geometry and Vector Analysis,38,[MAR] Md. Anowar Hossain,1,,,,,
C,Slot - 7,18.06.2025,9:30,11:30,MAT161.17,Coordinate Geometry and Vector Analysis,25,[MAR] Md. Anowar Hossain,1,,,,,
C,Slot - 7,18.06.2025,9:30,11:30,MAT261.8,Linear Algebra and Matrices,36,[SHR] Md. Sarowar Hossain Rana,1,,,,,
C,Slot - 7,18.06.2025,9:30,11:30,MAT261.12,Linear Algebra and Matrices,28,[SHR] Md. Sarowar Hossain Rana,1,,,,,
C,Slot - 7,18.06.2025,9:30,11:30,PHY181.11,Physics II,44,[AHR] Dr. Abul Hasnat Rubel,1,,,,,
C,Slot - 7,18.06.2025,9:30,11:30,PHY181.12,Physics II,38,[AHR] Dr. Abul Hasnat Rubel,1,,,,,
C,Slot - 8,18.06.2025,12:00,14:00,CSE2015.1,Programming Language II(Java),1,[FAFA] Faika Fairuj Preotee,-1,,,,,
C,Slot - 8,18.06.2025,12:00,14:00,CSE281.2,Introduction to Programming Language II (Java),33,[NOOR] Asaduzzaman Noor,-1,,,,,
C,Slot - 8,18.06.2025,12:00,14:00,CSE281.3,Introduction to Programming Language II (Java),35,[NH] Nahid Hasan,-1,,,,,
C,Slot - 8,18.06.2025,12:00,14:00,CSE281.4,Introduction to Programming Language II (Java),35,[NH] Nahid Hasan,-1,,,,,
C,Slot - 8,18.06.2025,12:00,14:00,CSE281.5,Introduction to Programming Language II (Java),36,[NH] Nahid Hasan,-1,,,,,
C,Slot - 8,18.06.2025,12:00,14:00,CSE281.9,Introduction to Programming Language II (Java),20,[FAFA] Faika Fairuj Preotee,-1,,,,,
C,Slot - 8,18.06.2025,12:00,14:00,CSE281.10,Introduction to Programming Language II (Java),27,[FAFA] Faika Fairuj Preotee,-1,,,,,
C,Slot - 8,18.06.2025,12:00,14:00,CSE3011.1,Database Design,1,[MMSI] Mohammad Shahmidul Islam,-1,,,,,
C,Slot - 8,18.06.2025,12:00,14:00,CSE383.1,Database Design,29,[MMSI] Mohammad Shahmidul Islam,-1,,,,,
C,Slot - 8,18.06.2025,12:00,14:00,CSE383.2,Database Design,36,[MMSI] Mohammad Shahmidul Islam,-1,,,,,
C,Slot - 8,18.06.2025,12:00,14:00,MAT161.9,Coordinate Geometry and Vector Analysis,36,[MTK] Md. Tamim Khandakar,-1,,,,,
C,Slot - 8,18.06.2025,12:00,14:00,MAT161.10,Coordinate Geometry and Vector Analysis,35,[MTK] Md. Tamim Khandakar,-1,,,,,
C,Slot - 8,18.06.2025,12:00,14:00,MAT161.11,Coordinate Geometry and Vector Analysis,33,[MTK] Md. Tamim Khandakar,-1,,,,,
C,Slot - 8,18.06.2025,12:00,14:00,MAT161.14,Coordinate Geometry and Vector Analysis,32,[DRAB] Dr. Md. Ashraful Babu,-1,,,,,
C,Slot - 8,18.06.2025,12:00,14:00,MAT161.15,Coordinate Geometry and Vector Analysis,20,[DRAB] Dr. Md. Ashraful Babu,-1,,,,,
C,Slot - 8,18.06.2025,12:00,14:00,MAT261.1,Linear Algebra and Matrices,37,[SAMD] Shifat Ahmed,-1,,,,,
C,Slot - 8,18.06.2025,12:00,14:00,MAT261.2,Linear Algebra and Matrices,37,[SAMD] Shifat Ahmed,-1,,,,,
C,Slot - 8,18.06.2025,12:00,14:00,MAT261.10,Linear Algebra and Matrices,36,[MALN] Md Alamin,-1,,,,,
C,Slot - 8,18.06.2025,12:00,14:00,MAT261.11,Linear Algebra and Matrices,35,[MALN] Md Alamin,-1,,,,,
C,Slot - 8,18.06.2025,12:00,14:00,MAT261.14,Linear Algebra and Matrices,39,[MALN] Md Alamin,-1,,,,,
C,Slot - 9,18.06.2025,14:30,16:30,ENG105.10,Public Speaking,38,[NUH] Md. Nizam Ul Hossain,1,,,,,
C,Slot - 9,18.06.2025,14:30,16:30,ENG105.11,Public Speaking,33,[NCD] Nahin Chowdhury,1,,,,,
C,Slot - 9,18.06.2025,14:30,16:30,ENG105.13,Public Speaking,37,[SHK] Shushmita Hossain Khan,1,,,,,
C,Slot - 9,18.06.2025,14:30,16:30,ENG105.14,Public Speaking,19,[NAN] Nujhat Afrin,1,,,,,
C,Slot - 9,18.06.2025,14:30,16:30,ENG105.15,Public Speaking,15,[NAN] Nujhat Afrin,1,,,,,
C,Slot - 9,18.06.2025,14:30,16:30,ENG105.16,Public Speaking,34,[NUH] Md. Nizam Ul Hossain,1,,,,,
C,Slot - 9,18.06.2025,14:30,16:30,ENG105.17,Public Speaking,21,[NDI] Nodi Islam,1,,,,,
C,Slot - 9,18.06.2025,14:30,16:30,ENG105.49,Public Speaking,19,[DAFN] Dewan Abul Fatah Naeem,1,,,,,
C,Slot - 9,18.06.2025,14:30,16:30,MAT141.3,Differential & Integral Calculus,36,[MALN] Md Alamin,1,,,,,
C,Slot - 9,18.06.2025,14:30,16:30,MAT141.4,Differential & Integral Calculus,38,[MALN] Md Alamin,1,,,,,
C,Slot - 9,18.06.2025,14:30,16:30,MAT141.6,Differential & Integral Calculus,37,[MALN] Md Alamin,1,,,,,
C,Slot - 9,18.06.2025,14:30,16:30,MAT161.1,Coordinate Geometry and Vector Analysis,37,[GM] Golam Mostafa,1,,,,,
C,Slot - 9,18.06.2025,14:30,16:30,MAT161.2,Coordinate Geometry and Vector Analysis,35,[GM] Golam Mostafa,1,,,,,
C,Slot - 9,18.06.2025,14:30,16:30,MAT161.3,Coordinate Geometry and Vector Analysis,30,[GM] Golam Mostafa,1,,,,,
C,Slot - 9,18.06.2025,14:30,16:30,MAT161.4,Coordinate Geometry and Vector Analysis,40,[SAMD] Shifat Ahmed,1,,,,,
C,Slot - 9,18.06.2025,14:30,16:30,MAT161.5,Coordinate Geometry and Vector Analysis,37,[SAMD] Shifat Ahmed,1,,,,,
C,Slot - 9,18.06.2025,14:30,16:30,MAT161.12,Coordinate Geometry and Vector Analysis,37,[MKP] Mrityunjoy Kumar Pandit,1,,,,,
C,Slot - 9,18.06.2025,14:30,16:30,MAT161.13,Coordinate Geometry and Vector Analysis,34,[MKP] Mrityunjoy Kumar Pandit,1,,,,,
C,Slot - 9,18.06.2025,14:30,16:30,MAT161.18,Coordinate Geometry and Vector Analysis,38,[GM] Golam Mostafa,1,,,,,
C,Slot - 10,19.06.2025,9:30,11:30,CSE181.3,Discrete Mathematics,32,[FBH] Md. Ferdous Bin Hafiz,-1,,,,,
C,Slot - 10,19.06.2025,9:30,11:30,CSE181.4,Discrete Mathematics,27,[FBH] Md. Ferdous Bin Hafiz,-1,,,,,
C,Slot - 10,19.06.2025,9:30,11:30,CSE241.8,Data Structures,17,[MUKH] Muhaimen Khan,-1,,,,,
C,Slot - 10,19.06.2025,9:30,11:30,CSE241.9,Data Structures,29,[MUKH] Muhaimen Khan,-1,,,,,
C,Slot - 10,19.06.2025,9:30,11:30,CSE363.3,Microprocessor Design & Assembly Language Programming,23,[GRB] Golam Rabbany,-1,,,,,
C,Slot - 10,19.06.2025,9:30,11:30,MAT261.3,Linear Algebra and Matrices,36,[SBB] Md. Shohel Babu,-1,,,,,
C,Slot - 10,19.06.2025,9:30,11:30,MAT261.4,Linear Algebra and Matrices,36,[SBB] Md. Shohel Babu,-1,,,,,
C,Slot - 10,19.06.2025,9:30,11:30,MAT261.5,Linear Algebra and Matrices,35,[SBB] Md. Shohel Babu,-1,,,,,
C,Slot - 10,19.06.2025,9:30,11:30,MAT261.6,Linear Algebra and Matrices,36,[SBB] Md. Shohel Babu,-1,,,,,
C,Slot - 10,19.06.2025,9:30,11:30,MGT281.1,Introduction to Business & Management,25,[NUR] Nur-E-Alam Siddiki,-1,,,,,
C,Slot - 10,19.06.2025,9:30,11:30,MGT281.2,Introduction to Business & Management,39,[DSM] Dr. Md. Shelim Miah,-1,,,,,
C,Slot - 10,19.06.2025,9:30,11:30,MGT281.3,Introduction to Business & Management,34,[BMU] Badhan Mustary,-1,,,,,
C,Slot - 10,19.06.2025,9:30,11:30,MGT281.4,Introduction to Business & Management,34,[BMU] Badhan Mustary,-1,,,,,
C,Slot - 10,19.06.2025,9:30,11:30,MGT281.8,Introduction to Business & Management,38,[NUR] Nur-E-Alam Siddiki,-1,,,,,
C,Slot - 10,19.06.2025,9:30,11:30,PHY161.4,Physics I,40,[SS] Shahad Saroar,-1,,,,,
C,Slot - 10,19.06.2025,9:30,11:30,PHY161.5,Physics I,37,[SS] Shahad Saroar,-1,,,,,
C,Slot - 11,19.06.2025,12:00,14:00,ACT141.3,Introduction to Accounting,35,[KSR] Kali Shankar Roy,1,,,,,
C,Slot - 11,19.06.2025,12:00,14:00,ACT141.6,Introduction to Accounting,39,[JNS] Jannatul Naim Sweety,1,,,,,
C,Slot - 11,19.06.2025,12:00,14:00,ACT141.7,Introduction to Accounting,39,[MFT] Faria Akter,1,,,,,
C,Slot - 11,19.06.2025,12:00,14:00,ACT141.8,Introduction to Accounting,36,[MFT] Faria Akter,1,,,,,
C,Slot - 11,19.06.2025,12:00,14:00,CSE181.8,Discrete Mathematics,39,[AMH] Md. Asiful Islam Miah,1,,,,,
C,Slot - 11,19.06.2025,12:00,14:00,CSE181.9,Discrete Mathematics,37,[AMH] Md. Asiful Islam Miah,1,,,,,
C,Slot - 11,19.06.2025,12:00,14:00,CSE361.1,Operating Systems,27,[MMH] Md Moinul Hoque,1,,,,,
C,Slot - 11,19.06.2025,12:00,14:00,CSE363.1,Microprocessor Design & Assembly Language Programming,41,[BIN] Farsha Bindu,1,,,,,
C,Slot - 11,19.06.2025,12:00,14:00,CSE363.2,Microprocessor Design & Assembly Language Programming,41,[BIN] Farsha Bindu,1,,,,,
C,Slot - 11,19.06.2025,12:00,14:00,ECO461.2,Introduction to Economics,39,[SKM] Shuktara Khanom,1,,,,,
C,Slot - 11,19.06.2025,12:00,14:00,ECO461.5,Introduction to Economics,40,[SKM] Shuktara Khanom,1,,,,,
C,Slot - 11,19.06.2025,12:00,14:00,MAT141.2,Differential & Integral Calculus,38,[SBB] Md. Shohel Babu,1,,,,,
C,Slot - 11,19.06.2025,12:00,14:00,MAT141.5,Differential & Integral Calculus,37,[SBB] Md. Shohel Babu,1,,,,,
C,Slot - 12,19.06.2025,14:30,16:30,ACT141.5,Introduction to Accounting,37,[MNHA] Md. Nazmol Haque,-1,,,,,
C,Slot - 12,19.06.2025,14:30,16:30,ACT141.9,Introduction to Accounting,37,[MNHA] Md. Nazmol Haque,-1,,,,,
C,Slot - 12,19.06.2025,14:30,16:30,CSE2031.1,Advanced Algorithm,1,[AVIC] Avishek Chakraborty,-1,,,,,
C,Slot - 12,19.06.2025,14:30,16:30,CSE265.13,Algorithm,34,[RKM] Md. Rakibul Islam,-1,,,,,
C,Slot - 12,19.06.2025,14:30,16:30,CSE375.1,Advanced Algorithm,32,[AVIC] Avishek Chakraborty,-1,,,,,
C,Slot - 12,19.06.2025,14:30,16:30,CSE375.2,Advanced Algorithm,39,[AVIC] Avishek Chakraborty,-1,,,,,
C,Slot - 12,19.06.2025,14:30,16:30,MGT281.7,Introduction to Business & Management,38,[TNM] Tamanna Nusrat Meem,-1,,,,,
C,Slot - 12,19.06.2025,14:30,16:30,PHY161.6,Physics I,44,[HDU] Md. Hedayet Ullah,-1,,,,,
C,Slot - 12,19.06.2025,14:30,16:30,PHY161.7,Physics I,45,[HDU] Md. Hedayet Ullah,-1,,,,,
C,Slot - 12,19.06.2025,14:30,16:30,PHY161.8,Physics I,40,[DMAZ] Dr. Md. Azizar Rahman,-1,,,,,
C,Slot - 12,19.06.2025,14:30,16:30,PHY161.9,Physics I,40,[DMAZ] Dr. Md. Azizar Rahman,-1,,,,,
C,Slot - 12,19.06.2025,14:30,16:30,PHY161.10,Physics I,40,[RS] Rajia Sultana,-1,,,,,
C,Slot - 12,19.06.2025,14:30,16:30,PHY161.11,Physics I,40,[RS] Rajia Sultana,-1,,,,,
C,Slot - 12,19.06.2025,14:30,16:30,STA281.3,Statistical Methods & Probability,34,[DTKD] Dr. Taposh Kumar Das,-1,,,,,
C,Slot - A,20.06.2025,8:30,10:30,CSE263.5,Digital Logic Design,39,[TZ] Md. Tareq Zaman,1,,,,,
C,Slot - A,20.06.2025,8:30,10:30,CSE263.6,Digital Logic Design,40,[ALA] Abdullah Saleh,1,,,,,
C,Slot - A,20.06.2025,8:30,10:30,CSE263.7,Digital Logic Design,39,[ALA] Abdullah Saleh,1,,,,,
C,Slot - A,20.06.2025,8:30,10:30,CSE381.1,Introduction to Embedded Systems,24,[MUM] Mustavi Ibne Masum,1,,,,,
C,Slot - A,20.06.2025,8:30,10:30,CSE381.2,Introduction to Embedded Systems,33,[MUM] Mustavi Ibne Masum,1,,,,,
C,Slot - A,20.06.2025,8:30,10:30,ECO461.6,Introduction to Economics,36,[TAAK] Taslima Akter,1,,,,,
C,Slot - A,20.06.2025,8:30,10:30,ECO461.7,Introduction to Economics,33,[TAAK] Taslima Akter,1,,,,,
C,Slot - A,20.06.2025,8:30,10:30,MGT281.5,Introduction to Business & Management,40,[KFA] Kanis Fatema,1,,,,,
C,Slot - A,20.06.2025,8:30,10:30,MGT281.6,Introduction to Business & Management,41,[KFA] Kanis Fatema,1,,,,,
C,Slot - A,20.06.2025,8:30,10:30,PHY1031.1,Physics II,1,[DAM] Dr. Abdulla Al Momin,1,,,,,
C,Slot - A,20.06.2025,8:30,10:30,PHY161.12,Physics I,40,[EJS] Emratul Jannat Swapna,1,,,,,
C,Slot - A,20.06.2025,8:30,10:30,PHY161.13,Physics I,41,[EJS] Emratul Jannat Swapna,1,,,,,
C,Slot - A,20.06.2025,8:30,10:30,PHY181.6,Physics II,35,[DAM] Dr. Abdulla Al Momin,1,,,,,
D,Slot - A,20.06.2025,8:30,10:30,ENG105.21,Public Speaking,34,[APZ] Md. Anwar Parvez,1,,,,,
D,Slot - A,20.06.2025,8:30,10:30,ACT141.12,Introduction to Accounting,37,[ASNA] Abu Sayeed Nooruddin Ahmed,1,,,,,
D,Slot - A,20.06.2025,8:30,10:30,CSE345.4,Information System Design & Software Engineering,27,[AKMA] A. K. M. Ahsanul Haque,1,,,,,
D,Slot - A,20.06.2025,8:30,10:30,CSE475.5,Management Information System,38,[MDSR] Mohammad Shohel Rana,1,,,,,
D,Slot - A,20.06.2025,8:30,10:30,MAT241.17,Complex Variables and Transforms (Laplace & Fourier),25,[DMSH] Dr. Muhammad Sajjad Hossain,1,,,,,
D,Slot - A,20.06.2025,8:30,10:30,STA281.14,Statistical Methods & Probability,35,[MMR] Md. Motiur Rahman,1,,,,,
C,Slot - B,20.06.2025,11:00,13:00,CSE263.3,Digital Logic Design,39,[SAAN] Sadribul Hassan,-1,,,,,
C,Slot - B,20.06.2025,11:00,13:00,CSE263.4,Digital Logic Design,33,[SAAN] Sadribul Hassan,-1,,,,,
C,Slot - B,20.06.2025,11:00,13:00,CSE263.10,Digital Logic Design,38,[ZAHA] Ziyan Shirin Raha,-1,,,,,
C,Slot - B,20.06.2025,11:00,13:00,CSE263.11,Digital Logic Design,39,[ZAHA] Ziyan Shirin Raha,-1,,,,,
C,Slot - B,20.06.2025,11:00,13:00,CSE263.20,Digital Logic Design,36,[MMSI] Mohammad Shahmidul Islam,-1,,,,,
C,Slot - B,20.06.2025,11:00,13:00,CSE3015.1,Computer Architecture,1,[MAIM] Maisha Muntaha,-1,,,,,
C,Slot - B,20.06.2025,11:00,13:00,CSE343.3,Computer Architecture,34,[MAIM] Maisha Muntaha,-1,,,,,
C,Slot - B,20.06.2025,11:00,13:00,CSE343.4,Computer Architecture,26,[MAIM] Maisha Muntaha,-1,,,,,
C,Slot - B,20.06.2025,11:00,13:00,PHY181.1,Physics II,40,[TNHR] Tanver Hossain Refat,-1,,,,,
C,Slot - B,20.06.2025,11:00,13:00,PHY181.2,Physics II,28,[TNHR] Tanver Hossain Refat,-1,,,,,
D,Slot - B,20.06.2025,11:00,13:00,CSE261.13,Numerical Methods,35,[DMOS] Dr. Mohammad Shafiul Alam,-1,,,,,
D,Slot - B,20.06.2025,11:00,13:00,CSE263.19,Digital Logic Design,35,[MHZ] Md. Zahid Hossain,-1,,,,,
D,Slot - B,20.06.2025,11:00,13:00,CSE265.14,Algorithm,33,[RFD] Rifat Ahommed,-1,,,,,
D,Slot - B,20.06.2025,11:00,13:00,CSE281.15,Introduction to Programming Language II (Java),33,[MRZ] Md. Miraz Hossain,-1,,,,,
D,Slot - B,20.06.2025,11:00,13:00,CSE351.3,Advanced Java,37,[IMUD] Iftekher Mahmud,-1,,,,,
D,Slot - B,20.06.2025,11:00,13:00,CSE475.4,Management Information System,39,[MDSR] Mohammad Shohel Rana,-1,,,,,
D,Slot - B,20.06.2025,11:00,13:00,MAT161.19,Coordinate Geometry and Vector Analysis,23,[MDH] Md. Mojaammel Haque,-1,,,,,
D,Slot - B,20.06.2025,11:00,13:00,MAT261.17,Linear Algebra and Matrices,37,[GKS] Goutam Kumar Saha,-1,,,,,
D,Slot - B,20.06.2025,11:00,13:00,MGT281.10,Introduction to Business & Management,38,[ISH] Ishter Mahal,-1,,,,,
C,Slot - C,20.06.2025,15:00,17:00,CSE263.1,Digital Logic Design,40,[ADMR] Adib Md. Ridwan,1,,,,,
C,Slot - C,20.06.2025,15:00,17:00,CSE263.2,Digital Logic Design,41,[FUZ] Farhad Uz Zaman,1,,,,,
C,Slot - C,20.06.2025,15:00,17:00,CSE475.1,Management Information System,38,[DAKM] Prof. Dr. Abdul Kadar Muhammad Masum,1,,,,,
C,Slot - C,20.06.2025,15:00,17:00,CSE475.2,Management Information System,38,[DAKM] Prof. Dr. Abdul Kadar Muhammad Masum,1,,,,,
C,Slot - C,20.06.2025,15:00,17:00,ETE281.7,Communication Theory,17,[RIC] Rashik Iram Chowdhury,1,,,,,
C,Slot - C,20.06.2025,15:00,17:00,MAT141.1,Differential & Integral Calculus,37,[GM] Golam Mostafa,1,,,,,
C,Slot - C,20.06.2025,15:00,17:00,MAT141.8,Differential & Integral Calculus,38,[GM] Golam Mostafa,1,,,,,
C,Slot - C,20.06.2025,15:00,17:00,PHY161.1,Physics I,40,[IJ] Ishrat Jahan,1,,,,,
C,Slot - C,20.06.2025,15:00,17:00,PHY181.3,Physics II,38,[DMMA] Dr. Md. Murad Ahmed,1,,,,,
C,Slot - C,20.06.2025,15:00,17:00,PHY181.4,Physics II,27,[DMMA] Dr. Md. Murad Ahmed,1,,,,,
C,Slot - C,20.06.2025,15:00,17:00,STA281.1,Statistical Methods & Probability,34,[MAKR] Dr. Mohammed Ashikur Rahman,1,,,,,
C,Slot - C,20.06.2025,15:00,17:00,STA281.2,Statistical Methods & Probability,33,[MAKR] Dr. Mohammed Ashikur Rahman,1,,,,,
C,Slot - C,20.06.2025,15:00,17:00,STA281.4,Statistical Methods & Probability,16,[MAHB] Mahbub Hasan,1,,,,,
C,Slot - C,20.06.2025,15:00,17:00,STA281.5,Statistical Methods & Probability,25,[MAHB] Mahbub Hasan,1,,,,,
D,Slot - C,20.06.2025,15:00,17:00,CSE161.22,Programming Language I,35,[DRAT] Dr. Ashis Talukder,1,,,,,
D,Slot - C,20.06.2025,15:00,17:00,CSE241.15,Data Structures,22,[ASHI] Mohammad Ashraful Islam,1,,,,,
D,Slot - C,20.06.2025,15:00,17:00,CSE359.6,Graph Theory,36,[BBA] Bulbul Ahmed,1,,,,,
D,Slot - C,20.06.2025,15:00,17:00,SOC341.8,Engineering Ethics,35,[MEK] Mohammad Enamul Kabir,1,,,,,
D,Slot - D,20.06.2025,17:30,19:30,ENG101.20,Basic English Skills,31,[ZKM] Md. Ziaul Karim,-1,,,,,
D,Slot - D,20.06.2025,17:30,19:30,CSE265.15,Algorithm,30,[SHM] Md. Shamim,-1,,,,,
D,Slot - D,20.06.2025,17:30,19:30,CSE353.3,Introduction to Data Mining,35,[RIM] Md. Robiul Islam,-1,,,,,
D,Slot - D,20.06.2025,17:30,19:30,CSE365.5,Artificial Intelligence,38,[KMU] Khandaker Mohammad Mohi Uddin,-1,,,,,
D,Slot - D,20.06.2025,17:30,19:30,MAT141.11,Differential & Integral Calculus,20,[DTKD] Dr. Taposh Kumar Das,-1,,,,,
D,Slot - D,20.06.2025,17:30,19:30,MAT241.13,Complex Variables and Transforms (Laplace & Fourier),22,[DKAM] Dr. Kh. Abdul Maleque,-1,,,,,
D,Slot - D,20.06.2025,17:30,19:30,MAT241.16,Complex Variables and Transforms (Laplace & Fourier),29,[DMSH] Dr. Muhammad Sajjad Hossain,-1,,,,,
C,Slot - E,21.06.2025,8:30,10:30,CSE261.11,Numerical Methods,40,[JM] Jannatim Maisha,1,,,,,
C,Slot - E,21.06.2025,8:30,10:30,CSE261.12,Numerical Methods,39,[JM] Jannatim Maisha,1,,,,,
C,Slot - E,21.06.2025,8:30,10:30,CSE343.1,Computer Architecture,38,[GZI] Dr. Gazi Zahirul Islam,1,,,,,
C,Slot - E,21.06.2025,8:30,10:30,CSE343.2,Computer Architecture,38,[GZI] Dr. Gazi Zahirul Islam,1,,,,,
C,Slot - E,21.06.2025,8:30,10:30,ECO461.3,Introduction to Economics,33,[MDSK] Md. Shakiul Hossain,1,,,,,
C,Slot - E,21.06.2025,8:30,10:30,PHY161.2,Physics I,38,[TNHR] Tanver Hossain Refat,1,,,,,
C,Slot - E,21.06.2025,8:30,10:30,PHY161.3,Physics I,38,[TNHR] Tanver Hossain Refat,1,,,,,
C,Slot - E,21.06.2025,8:30,10:30,PHY161.14,Physics I,41,[DRD] Debosre Roy Dristy,1,,,,,
C,Slot - E,21.06.2025,8:30,10:30,PHY181.7,Physics II,27,[DRAD] Dr. Ramit Azad,1,,,,,
C,Slot - E,21.06.2025,8:30,10:30,PHY181.8,Physics II,37,[DRAD] Dr. Ramit Azad,1,,,,,
C,Slot - E,21.06.2025,8:30,10:30,PHY181.13,Physics II,39,[TSR] Dr. Tanu Arefin,1,,,,,
C,Slot - E,21.06.2025,8:30,10:30,PHY181.14,Physics II,39,[TSR] Dr. Tanu Arefin,1,,,,,
D,Slot - E,21.06.2025,8:30,10:30,ENG103.23,Advanced English Skills,20,[JAK] Jakir,1,,,,,
D,Slot - E,21.06.2025,8:30,10:30,CSE261.15,Numerical Methods,24,[SW] Mohammad Shamim Waheed,1,,,,,
D,Slot - E,21.06.2025,8:30,10:30,CSE363.4,Microprocessor Design & Assembly Language Programming,33,[DSAK] Dr. Shamim Akhter,1,,,,,
D,Slot - E,21.06.2025,8:30,10:30,CSE475.3,Management Information System,36,[MDSR] Mohammad Shohel Rana,1,,,,,
D,Slot - E,21.06.2025,8:30,10:30,PHY161.18,Physics I,40,[IJ] Ishrat Jahan,1,,,,,
C,Slot - F,21.06.2025,11:00,13:00,CSE365.1,Artificial Intelligence,35,[DEMF] Prof. Dr. Dewan Md. Farid,-1,,,,,
C,Slot - F,21.06.2025,11:00,13:00,CSE365.2,Artificial Intelligence,31,[DEMF] Prof. Dr. Dewan Md. Farid,-1,,,,,
C,Slot - F,21.06.2025,11:00,13:00,ECO461.4,Introduction to Economics,39,[SAZ] Sazeda Akter,-1,,,,,
C,Slot - F,21.06.2025,11:00,13:00,MAT141.10,Differential & Integral Calculus,32,[RENO] Reasat-E-Noor,-1,,,,,
C,Slot - F,21.06.2025,11:00,13:00,MAT241.3,Complex Variables and Transforms (Laplace & Fourier),38,[MTK] Md. Tamim Khandakar,-1,,,,,
C,Slot - F,21.06.2025,11:00,13:00,MAT241.4,Complex Variables and Transforms (Laplace & Fourier),34,[MTK] Md. Tamim Khandakar,-1,,,,,
C,Slot - F,21.06.2025,11:00,13:00,MAT241.7,Complex Variables and Transforms (Laplace & Fourier),33,[MEI] Dr. Md. Elias,-1,,,,,
C,Slot - F,21.06.2025,11:00,13:00,MAT241.8,Complex Variables and Transforms (Laplace & Fourier),32,[MEI] Dr. Md. Elias,-1,,,,,
C,Slot - F,21.06.2025,11:00,13:00,MAT241.9,Complex Variables and Transforms (Laplace & Fourier),33,[DMMB] Dr. Md. Masum Billah,-1,,,,,
C,Slot - F,21.06.2025,11:00,13:00,MAT241.10,Complex Variables and Transforms (Laplace & Fourier),39,[DMMB] Dr. Md. Masum Billah,-1,,,,,
C,Slot - F,21.06.2025,11:00,13:00,STA281.9,Statistical Methods & Probability,40,[MDI] Md. Asraful Islam,-1,,,,,
D,Slot - F,21.06.2025,11:00,13:00,CSE263.14,Digital Logic Design,28,[AHQ] Mohammad Ashraful Hoque,-1,,,,,
D,Slot - F,21.06.2025,11:00,13:00,CSE263.15,Digital Logic Design,28,[AHQ] Mohammad Ashraful Hoque,-1,,,,,
D,Slot - F,21.06.2025,11:00,13:00,CSE263.16,Digital Logic Design,28,[AHQ] Mohammad Ashraful Hoque,-1,,,,,
D,Slot - F,21.06.2025,11:00,13:00,CSE343.5,Computer Architecture,40,[KAZ] Kazi Shahrier Rafid,-1,,,,,
D,Slot - F,21.06.2025,11:00,13:00,CSE383.3,Database Design,41,[AP] Md. Anower Perves,-1,,,,,
D,Slot - F,21.06.2025,11:00,13:00,EEE181.16,Electrical Circuits Design I,29,[MDSM] Md. Shanian Moed,-1,,,,,
C,Slot - G,21.06.2025,14:00,16:00,ACT141.1,Introduction to Accounting,37,[PAA] Prothoma Anmol,1,,,,,
C,Slot - G,21.06.2025,14:00,16:00,ACT141.10,Introduction to Accounting,34,[PAA] Prothoma Anmol,1,,,,,
C,Slot - G,21.06.2025,14:00,16:00,ACT141.11,Introduction to Accounting,23,[PAA] Prothoma Anmol,1,,,,,
C,Slot - G,21.06.2025,14:00,16:00,CSE141.5,Computer Fundamentals,35,[FUZ] Farhad Uz Zaman,1,,,,,
C,Slot - G,21.06.2025,14:00,16:00,CSE141.8,Computer Fundamentals,38,[FUZ] Farhad Uz Zaman,1,,,,,
C,Slot - G,21.06.2025,14:00,16:00,CSE471.1,Web and Internet Programming,20,[TAT] Dr. Taslim Taher,1,,,,,
C,Slot - G,21.06.2025,14:00,16:00,MAT141.7,Differential & Integral Calculus,38,[ARE] Md. Abdur Rouf Emon,1,,,,,
C,Slot - G,21.06.2025,14:00,16:00,MAT261.7,Linear Algebra and Matrices,39,[ARE] Md. Abdur Rouf Emon,1,,,,,
C,Slot - G,21.06.2025,14:00,16:00,MAT261.9,Linear Algebra and Matrices,37,[ARE] Md. Abdur Rouf Emon,1,,,,,
C,Slot - G,21.06.2025,14:00,16:00,PHY181.9,Physics II,42,[DHA] Dr. Hasina Akther,1,,,,,
C,Slot - G,21.06.2025,14:00,16:00,PHY181.10,Physics II,39,[DHA] Dr. Hasina Akther,1,,,,,
D,Slot - G,21.06.2025,14:00,16:00,CSE241.12,Data Structures,33,[AP] Md. Anower Perves,1,,,,,
D,Slot - G,21.06.2025,14:00,16:00,CSE443.1,Computer Graphics & Animation,41,[RZC] Md. Reasad Zaman Chowdhury,1,,,,,
D,Slot - G,21.06.2025,14:00,16:00,MGT281.9,Introduction to Business & Management,39,[ISH] Ishter Mahal,1,,,,,
D,Slot - G,21.06.2025,14:00,16:00,PHY181.15,Physics II,39,[KDS] Kanta Das,1,,,,,
D,Slot - G,21.06.2025,14:00,16:00,PHY181.17,Physics II,26,[MML] Prof. Dr. Muhammad Samir Ullah,1,,,,,
D,Slot - H,21.06.2025,16:30,18:30,ENG101.21,Basic English Skills,32,[COF] Chowdhury Omar Sharif,-1,,,,,
D,Slot - H,21.06.2025,16:30,18:30,ENG102.31,Intermediate English Skills,16,[JAK] Jakir,-1,,,,,
D,Slot - H,21.06.2025,16:30,18:30,ENG103.24,Advanced English Skills,25,[COF] Chowdhury Omar Sharif,-1,,,,,
D,Slot - H,21.06.2025,16:30,18:30,ENG105.18,Public Speaking,31,[DAR] Dr. Md. Abdur Rouf,-1,,,,,
D,Slot - H,21.06.2025,16:30,18:30,ENG105.19,Public Speaking,27,[DAR] Dr. Md. Abdur Rouf,-1,,,,,
D,Slot - H,21.06.2025,16:30,18:30,ENG105.22,Public Speaking,32,[APZ] Md. Anwar Parvez,-1,,,,,
D,Slot - H,21.06.2025,16:30,18:30,CSE3027.1,Introduction to Embedded Systems,1,[HUAN] Humaira Anzum,-1,,,,,
D,Slot - H,21.06.2025,16:30,18:30,CSE363.5,Microprocessor Design & Assembly Language Programming,33,[DSAK] Dr. Shamim Akhter,-1,,,,,
D,Slot - H,21.06.2025,16:30,18:30,CSE381.3,Introduction to Embedded Systems,20,[HUAN] Humaira Anzum,-1,,,,,
D,Slot - H,21.06.2025,16:30,18:30,ECO461.8,Introduction to Economics,14,[KFP] Kazi Farida Parvin,-1,,,,,
D,Slot - H,21.06.2025,16:30,18:30,EEE241.8,Electronic Devices & Circuits I,39,[KDZN] Khondokar Zahin,-1,,,,,
C,Slot - 13,22.06.2025,9:30,11:30,CSE161.9,Programming Language I,32,[YMA] Muhammed Yaseen Morshed Adib,1,,,,,
C,Slot - 13,22.06.2025,9:30,11:30,CSE161.10,Programming Language I,35,[YMA] Muhammed Yaseen Morshed Adib,1,,,,,
C,Slot - 13,22.06.2025,9:30,11:30,CSE161.11,Programming Language I,33,[YMA] Muhammed Yaseen Morshed Adib,1,,,,,
C,Slot - 13,22.06.2025,9:30,11:30,CSE161.12,Programming Language I,32,[MUKH] Muhaimen Khan,1,,,,,
C,Slot - 13,22.06.2025,9:30,11:30,CSE161.13,Programming Language I,31,[MUKH] Muhaimen Khan,1,,,,,
C,Slot - 13,22.06.2025,9:30,11:30,CSE161.14,Programming Language I,31,[MUKH] Muhaimen Khan,1,,,,,
C,Slot - 13,22.06.2025,9:30,11:30,CSE161.17,Programming Language I,23,[BIPA] Bidyarthi Paul,1,,,,,
C,Slot - 13,22.06.2025,9:30,11:30,CSE161.18,Programming Language I,30,[JEH] Jerin Ahsan Kheya,1,,,,,
C,Slot - 13,22.06.2025,9:30,11:30,CSE161.20,Programming Language I,34,[MRAI] Md. Rashedul Islam,1,,,,,
C,Slot - 13,22.06.2025,9:30,11:30,CSE181.1,Discrete Mathematics,33,[GZI] Dr. Gazi Zahirul Islam,1,,,,,
C,Slot - 13,22.06.2025,9:30,11:30,CSE181.2,Discrete Mathematics,37,[GZI] Dr. Gazi Zahirul Islam,1,,,,,
C,Slot - 13,22.06.2025,9:30,11:30,CSE181.10,Discrete Mathematics,24,[MAHB] Mahbub Hasan,1,,,,,
C,Slot - 13,22.06.2025,9:30,11:30,CSE181.11,Discrete Mathematics,21,[MAHB] Mahbub Hasan,1,,,,,
C,Slot - 13,22.06.2025,9:30,11:30,CSE181.12,Discrete Mathematics,30,[MAHB] Mahbub Hasan,1,,,,,
C,Slot - 13,22.06.2025,9:30,11:30,CSE181.13,Discrete Mathematics,31,[MAHB] Mahbub Hasan,1,,,,,
C,Slot - 13,22.06.2025,9:30,11:30,CSE351.1,Advanced Java,21,[NOOR] Asaduzzaman Noor,1,,,,,
C,Slot - 13,22.06.2025,9:30,11:30,SOC341.7,Engineering Ethics,19,[MEK] Mohammad Enamul Kabir,1,,,,,
C,Slot - 13,22.06.2025,9:30,11:30,STA281.6,Statistical Methods & Probability,37,[NI] Md. Nazrul Islam,1,,,,,
C,Slot - 13,22.06.2025,9:30,11:30,STA281.7,Statistical Methods & Probability,38,[NI] Md. Nazrul Islam,1,,,,,
C,Slot - 13,22.06.2025,9:30,11:30,STA281.8,Statistical Methods & Probability,38,[NI] Md. Nazrul Islam,1,,,,,
C,Slot - 14,22.06.2025,12:00,14:00,CSE141.2,Computer Fundamentals,38,[DMHN] Dr. Md. Maruf Hassan,-1,,,,,
C,Slot - 14,22.06.2025,12:00,14:00,CSE141.4,Computer Fundamentals,37,[DMHN] Dr. Md. Maruf Hassan,-1,,,,,
C,Slot - 14,22.06.2025,12:00,14:00,CSE141.6,Computer Fundamentals,38,[DMHN] Dr. Md. Maruf Hassan,-1,,,,,
C,Slot - 14,22.06.2025,12:00,14:00,CSE141.7,Computer Fundamentals,38,[RIM] Md. Robiul Islam,-1,,,,,
C,Slot - 14,22.06.2025,12:00,14:00,CSE141.9,Computer Fundamentals,34,[RIM] Md. Robiul Islam,-1,,,,,
C,Slot - 14,22.06.2025,12:00,14:00,CSE161.15,Programming Language I,34,[TAHA] Tahsina Muthaki,-1,,,,,
C,Slot - 14,22.06.2025,12:00,14:00,CSE161.16,Programming Language I,33,[TAHA] Tahsina Muthaki,-1,,,,,
C,Slot - 14,22.06.2025,12:00,14:00,CSE181.14,Discrete Mathematics,35,[SMA] Sakib Mahmud,-1,,,,,
C,Slot - 14,22.06.2025,12:00,14:00,CSE181.15,Discrete Mathematics,38,[SMA] Sakib Mahmud,-1,,,,,
C,Slot - 14,22.06.2025,12:00,14:00,CSE263.8,Digital Logic Design,38,[MDAM] Md. A. M. Reza Khan,-1,,,,,
C,Slot - 14,22.06.2025,12:00,14:00,SOC341.1,Engineering Ethics,39,[DAKM] Prof. Dr. Abdul Kadar Muhammad Masum,-1,,,,,
C,Slot - 14,22.06.2025,12:00,14:00,SOC341.2,Engineering Ethics,34,[DAKM] Prof. Dr. Abdul Kadar Muhammad Masum,-1,,,,,
C,Slot - 14,22.06.2025,12:00,14:00,SOC341.3,Engineering Ethics,36,[DAKM] Prof. Dr. Abdul Kadar Muhammad Masum,-1,,,,,
C,Slot - 14,22.06.2025,12:00,14:00,SOC341.4,Engineering Ethics,39,[MBH] Mahbubul Haq Bhuiyan,-1,,,,,
C,Slot - 14,22.06.2025,12:00,14:00,SOC341.5,Engineering Ethics,39,[MBH] Mahbubul Haq Bhuiyan,-1,,,,,
C,Slot - 14,22.06.2025,12:00,14:00,SOC341.6,Engineering Ethics,40,[MBH] Mahbubul Haq Bhuiyan,-1,,,,,
C,Slot - 15,22.06.2025,14:30,16:30,CSE141.1,Computer Fundamentals,37,[MBH] Mahbubul Haq Bhuiyan,1,,,,,
C,Slot - 15,22.06.2025,14:30,16:30,CSE141.3,Computer Fundamentals,37,[MBH] Mahbubul Haq Bhuiyan,1,,,,,
C,Slot - 15,22.06.2025,14:30,16:30,CSE161.6,Programming Language I,32,[FBH] Md. Ferdous Bin Hafiz,1,,,,,
C,Slot - 15,22.06.2025,14:30,16:30,CSE161.7,Programming Language I,31,[FBH] Md. Ferdous Bin Hafiz,1,,,,,
C,Slot - 15,22.06.2025,14:30,16:30,CSE161.8,Programming Language I,33,[FBH] Md. Ferdous Bin Hafiz,1,,,,,
C,Slot - 15,22.06.2025,14:30,16:30,CSE161.23,Programming Language I,30,[ABIS] Alistair Biswas,1,,,,,
C,Slot - 15,22.06.2025,14:30,16:30,CSE181.5,Discrete Mathematics,34,[KMU] Khandaker Mohammad Mohi Uddin,1,,,,,
C,Slot - 15,22.06.2025,14:30,16:30,CSE181.6,Discrete Mathematics,35,[KMU] Khandaker Mohammad Mohi Uddin,1,,,,,
C,Slot - 15,22.06.2025,14:30,16:30,CSE181.7,Discrete Mathematics,35,[KMU] Khandaker Mohammad Mohi Uddin,1,,,,,
C,Slot - 15,22.06.2025,14:30,16:30,CSE263.9,Digital Logic Design,39,[JEH] Jerin Ahsan Kheya,1,,,,,
C,Slot - 15,22.06.2025,14:30,16:30,CSE263.12,Digital Logic Design,39,[SSSV] Shuvashis Sarker Shuvo,1,,,,,
C,Slot - 15,22.06.2025,14:30,16:30,CSE263.13,Digital Logic Design,41,[SSSV] Shuvashis Sarker Shuvo,1,,,,,
C,Slot - 15,22.06.2025,14:30,16:30,CSE3035.1,Information System Design & Software Engineering,1,[SDK] Shimul Dey Katha,1,,,,,
C,Slot - 15,22.06.2025,14:30,16:30,CSE345.1,Information System Design & Software Engineering,33,[SDK] Shimul Dey Katha,1,,,,,
C,Slot - 15,22.06.2025,14:30,16:30,CSE345.2,Information System Design & Software Engineering,33,[SDK] Shimul Dey Katha,1,,,,,
C,Slot - 15,22.06.2025,14:30,16:30,CSE345.3,Information System Design & Software Engineering,33,[SDK] Shimul Dey Katha,1,,,,,
C,Slot - 15,22.06.2025,14:30,16:30,EEE241.1,Electronic Devices & Circuits I,39,[KRH] Khondker Rawan Hamid,1,,,,,
C,Slot - 15,22.06.2025,14:30,16:30,EEE241.2,Electronic Devices & Circuits I,39,[KRH] Khondker Rawan Hamid,1,,,,,
D,Slot - I,27.06.2025,8:30,10:30,CSE281.13,Introduction to Programming Language II (Java),30,[MRZ] Md. Miraz Hossain,-1,,,,,
D,Slot - I,27.06.2025,8:30,10:30,CSE281.16,Introduction to Programming Language II (Java),31,[RAJA] Md. Rafsan Jani,-1,,,,,
D,Slot - I,27.06.2025,8:30,10:30,CSE479.1,Cryptography & Network Security,29,[DMHN] Dr. Md. Maruf Hassan,-1,,,,,
D,Slot - I,27.06.2025,8:30,10:30,EEE181.15,Electrical Circuits Design I,21,[MDSM] Md. Shanian Moed,-1,,,,,
D,Slot - I,27.06.2025,8:30,10:30,MAT241.12,Complex Variables and Transforms (Laplace & Fourier),16,[DKAM] Dr. Kh. Abdul Maleque,-1,,,,,
D,Slot - I,27.06.2025,8:30,10:30,MAT241.15,Complex Variables and Transforms (Laplace & Fourier),34,[ARA] Md. Ashraful Alam,-1,,,,,
D,Slot - I,27.06.2025,8:30,10:30,STA281.13,Statistical Methods & Probability,38,[MMR] Md. Motiur Rahman,-1,,,,,
D,Slot - J,27.06.2025,11:00,13:00,ENG101.19,Basic English Skills,29,[ZKM] Md. Ziaul Karim,1,,,,,
D,Slot - J,27.06.2025,11:00,13:00,CSE341.3,Computer Networking,42,[SAKR] Salim Shadman Ankur,1,,,,,
D,Slot - J,27.06.2025,11:00,13:00,CSE355.4,Image Processing,35,[MMJR] Md. Mijanur Rahman,1,,,,,
D,Slot - J,27.06.2025,11:00,13:00,MAT161.20,Coordinate Geometry and Vector Analysis,28,[MDH] Md. Mojaammel Haque,1,,,,,
D,Slot - J,27.06.2025,11:00,13:00,MAT261.16,Linear Algebra and Matrices,28,[GKS] Goutam Kumar Saha,1,,,,,
D,Slot - J,27.06.2025,11:00,13:00,MATH1024.1,Coordinate Geometry and Vector Analysis,1,[MDH] Md. Mojaammel Haque,1,,,,,
D,Slot - J,27.06.2025,11:00,13:00,MATH2015.1,Linear Algebra and Matrics,1,[GKS] Goutam Kumar Saha,1,,,,,
D,Slot - J,27.06.2025,11:00,13:00,PHY181.16,Physics II,40,[KDS] Kanta Das,1,,,,,
D,Slot - K,27.06.2025,15:00,17:00,CSE281.14,Introduction to Programming Language II (Java),30,[IMUD] Iftekher Mahmud,-1,,,,,
D,Slot - K,27.06.2025,15:00,17:00,CSE345.5,Information System Design & Software Engineering,29,[AKMA] A. K. M. Ahsanul Haque,-1,,,,,
D,Slot - K,27.06.2025,15:00,17:00,CSE4017.2,E-commerce and E-governance,2,[KAZ] Kazi Shahrier Rafid,-1,,,,,
D,Slot - K,27.06.2025,15:00,17:00,CSE441.5,Theory of Computing,32,[DAHO] Dr. Amran Hossain,-1,,,,,
D,Slot - K,27.06.2025,15:00,17:00,CSE467.1,E-Commerce & E-Governance,30,[KAZ] Kazi Shahrier Rafid,-1,,,,,
D,Slot - K,27.06.2025,15:00,17:00,PHY1031.2,Physics II,1,[MML] Prof. Dr. Muhammad Samir Ullah,-1,,,,,
D,Slot - K,27.06.2025,15:00,17:00,PHY181.18,Physics II,22,[MML] Prof. Dr. Muhammad Samir Ullah,-1,,,,,
D,Slot - K,27.06.2025,15:00,17:00,STA281.11,Statistical Methods & Probability,38,[DAAH] Dr. Ali Ahmed Howlader,-1,,,,,
D,Slot - L,27.06.2025,17:30,19:30,CSE241.14,Data Structures,21,[RATV] Raihan Tanvir,1,,,,,
D,Slot - L,27.06.2025,17:30,19:30,CSE281.11,Introduction to Programming Language II (Java),29,[AMR] Md. Aminur Rahman,1,,,,,
D,Slot - L,27.06.2025,17:30,19:30,CSE281.12,Introduction to Programming Language II (Java),24,[AMR] Md. Aminur Rahman,1,,,,,
D,Slot - L,27.06.2025,17:30,19:30,CSE351.2,Advanced Java,35,[MOHO] Mosarrof Hossain,1,,,,,
D,Slot - L,27.06.2025,17:30,19:30,CSE365.4,Artificial Intelligence,23,[MMJR] Md. Mijanur Rahman,1,,,,,
D,Slot - L,27.06.2025,17:30,19:30,EEE181.18,Electrical Circuits Design I,38,[SADS] Md. Sadman Amir,1,,,,,
D,Slot - L,27.06.2025,17:30,19:30,MAT261.18,Linear Algebra and Matrices,31,[AKD] Dr. Anup Kumer Datta,1,,,,,
D,Slot - M,28.06.2025,8:30,10:30,CSE359.5,Graph Theory,41,[BBA] Bulbul Ahmed,-1,,,,,
D,Slot - M,28.06.2025,8:30,10:30,CSE365.3,Artificial Intelligence,21,[MMJR] Md. Mijanur Rahman,-1,,,,,
D,Slot - M,28.06.2025,8:30,10:30,CSE4033.1,Web and Internet Programming,2,[AHS] Ashek Seum,-1,,,,,
D,Slot - M,28.06.2025,8:30,10:30,CSE471.2,Web and Internet Programming,40,[AHS] Ashek Seum,-1,,,,,
D,Slot - M,28.06.2025,8:30,10:30,EEE1021.2,Electrical Circuits I,1,[SAMI] Sharika Manjuma Islam,-1,,,,,
D,Slot - M,28.06.2025,8:30,10:30,EEE181.17,Electrical Circuits Design I,39,[SAMI] Sharika Manjuma Islam,-1,,,,,
D,Slot - M,28.06.2025,8:30,10:30,MAT241.14,Complex Variables and Transforms (Laplace & Fourier),33,[ARA] Md. Ashraful Alam,-1,,,,,
D,Slot - M,28.06.2025,8:30,10:30,MAT261.15,Linear Algebra and Matrices,33,[SHR] Md. Sarowar Hossain Rana,-1,,,,,
D,Slot - M,28.06.2025,8:30,10:30,STA281.10,Statistical Methods & Probability,37,[DAAH] Dr. Ali Ahmed Howlader,-1,,,,,
D,Slot - N,28.06.2025,11:00,13:00,ACT1021.1,Introduction to Accounting,1,[ASNA] Abu Sayeed Nooruddin Ahmed,1,,,,,
D,Slot - N,28.06.2025,11:00,13:00,ACT141.13,Introduction to Accounting,37,[ASNA] Abu Sayeed Nooruddin Ahmed,1,,,,,
D,Slot - N,28.06.2025,11:00,13:00,CSE181.19,Discrete Mathematics,34,[LYPY] Lubna Yasmin Pinky,1,,,,,
D,Slot - N,28.06.2025,11:00,13:00,CSE361.2,Operating Systems,36,[MMH] Md Moinul Hoque,1,,,,,
D,Slot - N,28.06.2025,11:00,13:00,CSE441.4,Theory of Computing,40,[DAHO] Dr. Amran Hossain,1,,,,,
D,Slot - N,28.06.2025,11:00,13:00,EEE241.9,Electronic Devices & Circuits I,27,[YAM] Md. Bin Yeamin,1,,,,,
D,Slot - N,28.06.2025,11:00,13:00,MGT281.11,Introduction to Business & Management,34,[DMH] Dr. M. Ataur Rahman,1,,,,,
D,Slot - O,28.06.2025,14:00,16:00,CSE161.21,Programming Language I,31,[DRAT] Dr. Ashis Talukder,-1,,,,,
D,Slot - O,28.06.2025,14:00,16:00,CSE181.17,Discrete Mathematics,38,[KMU] Khandaker Mohammad Mohi Uddin,-1,,,,,
D,Slot - O,28.06.2025,14:00,16:00,CSE181.18,Discrete Mathematics,39,[LYPY] Lubna Yasmin Pinky,-1,,,,,
D,Slot - O,28.06.2025,14:00,16:00,CSE241.13,Data Structures,28,[RATV] Raihan Tanvir,-1,,,,,
D,Slot - O,28.06.2025,14:00,16:00,CSE261.14,Numerical Methods,38,[DMOS] Dr. Mohammad Shafiul Alam,-1,,,,,
D,Slot - O,28.06.2025,14:00,16:00,CSE375.3,Advanced Algorithm,33,[ASHI] Mohammad Ashraful Islam,-1,,,,,
D,Slot - P,28.06.2025,16:30,18:30,CSE141.10,Computer Fundamentals,24,[RIM] Md. Robiul Islam,1,,,,,
D,Slot - P,28.06.2025,16:30,18:30,CSE181.16,Discrete Mathematics,36,[KMU] Khandaker Mohammad Mohi Uddin,1,,,,,
D,Slot - P,28.06.2025,16:30,18:30,CSE181.20,Discrete Mathematics,27,[SW] Mohammad Shamim Waheed,1,,,,,
D,Slot - P,28.06.2025,16:30,18:30,CSE263.17,Digital Logic Design,36,[ADMR] Adib Md. Ridwan,1,,,,,
D,Slot - P,28.06.2025,16:30,18:30,CSE263.18,Digital Logic Design,34,[FUZ] Farhad Uz Zaman,1,,,,,
D,Slot - P,28.06.2025,16:30,18:30,ETE281.6,Communication Theory,27,[TANA] Tanvir Ahmed,1,,,,,
D,Slot - P,28.06.2025,16:30,18:30,STA281.12,Statistical Methods & Probability,37,[AKD] Dr. Anup Kumer Datta,1,,,,,